invoice,date,mail,bill,description,total,Tax
1001,12/12/2012,asdf@gmail.com,flasdfljfjl,lsdfjalskfj,1231,12
1002,11/1/1999,asdf@gmail.com,oijsfd,sdfljas;lfjk;jkl,3899,13
1003,9/20/1986,asdf@gmail.com,S;ildfkj,lsdfjalskfj,92,56
1004,8/10/1973,asdf@gmail.com,flasdfljfjl,sdfljas;lfjk;jkl,2345,12
1005,6/29/1960,asdf@gmail.com,oijsfd,lsdfjalskfj,1231,13
1006,5/18/1947,asdf@gmail.com,S;ildfkj,sdfljas;lfjk;jkl,3899,56
1007,4/7/1934,asdf@gmail.com,flasdfljfjl,lsdfjalskfj,92,12
1008,2/24/1921,asdf@gmail.com,oijsfd,sdfljas;lfjk;jkl,2345,13
,,,,,,
,,,,,,
,,,,,,
,,,,,,
,,,,,,
,,,,,,
,,,,,,
,,,,,,
,,,,,,
,,,,,,
,,,,,,
,,,,,,
,,,,,,